Workbook

Sheet Raw Data
A1: EmployeeID | B1: Age | C1: Gender | D1: MaritalStatus | E1: Department | F1: JobRole | G1: HireDate | H1: YearsAtCompany | I1: MonthlyIncome | J1: DistanceFromHome_km | K1: OverTime | L1: JobSatisfaction_1to4 | M1: WorkLifeBalance_1to4 | N1: PerformanceRating_1to4 | O1: TrainingSessionsLastYear | P1: Attrition
A2: EMP1402 | B2: 20 | C2: Female | D2: Single | E2: Sales | F2: Sales Manager | G2: 2025-11-08 | H2: 0 | I2: 14306 | J2: 10 | K2: No | L2: 3 | M2: 4 | N2: 4 | O2: 3 | P2: No
A3: EMP1284 | B3: 27 | C3: Male | D3: Divorced | E3: Research & Development | F3: R&D Manager | G3: 2020-02-23 | H3: 6 | I3: 12621 | J3: 15 | K3: No | L3: 4 | M3: 4 | N3: 4 | O3: 3 | P3: No
A4: EMP1415 | B4: 41 | C4: Female | D4: Married | E4: Research & Development | F4: Laboratory Technician | G4: 2025-09-28 | H4: 0 | I4: 3321 | J4: 1 | K4: Yes | L4: 4 | M4: 4 | N4: 3 | O4: 1 | P4: No
A5: EMP1483 | B5: 35 | C5: Female | D5: Married | E5: Research & Development | F5: R&D Manager | G5: 2024-02-29 | H5: 2 | I5: 12188 | J5: 1 | K5: No | L5: 4 | M5: 4 | N5: 4 | O5: 2 | P5: No
A6: EMP1420 | B6: 32 | C6: Female | D6: Married | E6: Sales | F6: Sales Representative | G6: 2022-06-11 | H6: 4 | I6: 3326 | J6: 9 | K6: Yes | L6: 3 | M6: 3 | N6: 3 | O6: 2 | P6: Yes
A7: EMP1169 | B7: 41 | C7: Female | D7: Married | E7: Sales | F7: Sales Executive | G7: 2025-10-10 | H7: 0 | I7: 7359 | J7: 1 | K7: No | L7: 3 | M7: 4 | N7: 3 | O7: 4 | P7: Yes
A8: EMP1246 | B8: 46 | C8: Male | D8: Married | E8: Sales | F8: Sales Manager | G8: 2023-04-21 | H8: 3 | I8: 10993 | J8: 9 | K8: Yes | L8: 4 | M8: 3 | N8: 3 | O8: 4 | P8: No
A9: EMP1553 | B9: 38 | C9: Male | D9: Married | E9: Sales | F9: Sales Executive | G9: 2026-06-27 | H9: 0 | I9: 6979 | J9: 17 | K9: No | L9: 3 | M9: 1 | N9: 3 | O9: 0 | P9: No
A10: EMP1233 | B10: 29 | C10: Male | D10: Married | E10: Research & Development | F10: R&D Manager | G10: 2022-05-01 | H10: 4 | I10: 12571 | J10: 30 | K10: No | L10: 3 | M10: 3 | N10: 4 | O10: 4 | P10: No
A11: EMP1453 | B11: 41 | C11: Female | D11: Married | E11: Research & Development | F11: R&D Manager | G11: 2026-03-25 | H11: 0 | I11: 13374 | J11: 13 | K11: Yes | L11: 2 | M11: 1 | N11: 3 | O11: 3 | P11: Yes
A12: EMP1589 | B12: 22 | C12: Male | D12: Single | E12: Research & Development | F12: R&D Manager | G12: 2018-02-13 | H12: 8 | I12: 14236 | J12: 7 | K12: No | L12: 3 | M12: 1 | N12: 3 | O12: 3 | P12: No
A13: EMP1325 | B13: 48 | C13: Male | D13: Married | E13: Research & Development | F13: Laboratory Technician | G13: 2025-07-04 | H13: 1 | I13: 2620 | J13: 3 | K13: Yes | L13: 3 | M13: 4 | N13: 3 | O13: 5 | P13: No
... A22: EMP1512 | B22: 50 | C22: Female | D22: Married | E22: Research & Development | F22: Research Scientist | G22: 2022-06-06 | H22: 4 | I22: 5929 | J22: 6 | K22: No | L22: 3 | M22: 3 | N22: 3 | O22: 0 | P22: No
A23: EMP1466 | B23: 34 | C23: Male | D23: Single | E23: Research & Development | F23: Manufacturing Engineer | G23: 2022-07-14 | H23: 4 | I23: 5790 | J23: 6 | K23: No | L23: 3 | N23: 4 | O23: 2 | P23: No
A24: EMP1240 | B24: 28 | C24: Female | D24: Single | E24: Research & Development | F24: Research Scientist | G24: 2021-04-14 | H24: 5 | I24: 5839 | J24: 20 | K24: No | L24: 1 | M24: 4 | N24: 3 | O24: 0 | P24: No
A25: EMP1405 | B25: 28 | C25: Female | D25: Single | E25: Research & Development | F25: R&D Manager | G25: 2025-01-03 | H25: 1 | I25: 10600 | J25: 3 | K25: Yes | L25: 3 | M25: 2 | N25: 3 | O25: 1 | P25: Yes
A26: EMP1244 | B26: 37 | C26: Male | D26: Single | E26: Research & Development | F26: R&D Manager | G26: 2017-01-30 | H26: 9 | I26: 10698 | J26: 6 | K26: Yes | L26: 2 | M26: 2 | N26: 3 | O26: 1 | P26: No
A27: EMP1429 | B27: 20 | C27: Female | D27: Single | E27: Sales | F27: Sales Representative | G27: 2018-05-23 | H27: 8 | I27: 3998 | J27: 5 | K27: No | L27: 1 | M27: 2 | N27: 3 | O27: 4 | P27: Yes
A28: EMP1279 | B28: 27 | C28: Female | D28: Single | E28: Sales | F28: Sales Executive | G28: 2025-05-11 | H28: 1 | I28: 6716 | J28: 4 | K28: No | L28: 2 | M28: 4 | N28: 3 | O28: 5 | P28: Yes
A29: EMP1189 | B29: 28 | C29: Female | D29: Single | E29: Research & Development | F29: Laboratory Technician | G29: 2021-06-02 | H29: 5 | I29: 4044 | J29: 6 | K29: No | L29: 3 | M29: 3 | N29: 3 | O29: 4 | P29: No
A30: EMP1133 | B30: 23 | C30: Female | D30: Married | E30: Research & Development | F30: Manufacturing Engineer | G30: 2010-01-08 | H30: 16 | I30: 4802 | J30: 2 | K30: Yes | L30: 1 | M30: 4 | N30: 3 | O30: 0 | P30: No
A31: EMP1295 | B31: 45 | C31: Male | D31: Single | E31: Research & Development | F31: R&D Manager | G31: 2016-12-25 | H31: 9 | I31: 15084 | J31: 1 | K31: No | L31: 1 | M31: 3 | N31: 3 | O31: 5 | P31: No
A32: EMP1515 | B32: 42 | C32: Female | D32: Single | E32: Research & Development | F32: Manufacturing Engineer | G32: 2018-10-16 | H32: 7 | I32: 5856 | J32: 19 | K32: No | L32: 2 | M32: 1 | N32: 3 | O32: 3 | P32: No
A33: EMP1142 | B33: 43 | C33: Female | D33: Divorced | E33: Research & Development | F33: Research Scientist | G33: 2023-09-20 | H33: 2 | I33: 5697 | J33: 6 | K33: Yes | L33: 2 | M33: 3 | N33: 4 | O33: 0 | P33: No
A34: EMP1380 | B34: 20 | C34: Female | D34: Married | E34: Sales | F34: Sales Manager | G34: 2024-04-11 | H34: 2 | I34: 12769 | J34: 9 | K34: No | L34: 4 | M34: 4 | N34: 3 | O34: 3 | P34: No
A35: EMP1550 | B35: 36 | C35: Female | D35: Single | E35: Research & Development | F35: R&D Manager | G35: 2026-07-05 | H35: 0 | I35: 14370 | J35: 3 | K35: No | L35: 1 | M35: 3 | N35: 3 | O35: 4 | P35: Yes
... A42: EMP1500 | B42: 34 | C42: Male | D42: Single | E42: Research & Development | F42: Manufacturing Engineer | G42: 2020-01-24 | H42: 6 | I42: 6281 | J42: 8 | K42: Yes | L42: 4 | M42: 3 | N42: 3 | O42: 4 | P42: No
A43: EMP1547 | B43: 26 | C43: Female | D43: Single | E43: Sales | F43: Sales Manager | G43: 2019-04-28 | H43: 7 | J43: 8 | K43: No | L43: 3 | M43: 1 | N43: 3 | O43: 5 | P43: Yes
A44: EMP1100 | B44: 27 | C44: Male | D44: Divorced | E44: Research & Development | F44: Manufacturing Engineer | G44: 2026-01-21 | H44: 0 | I44: 5920 | J44: 10 | K44: Yes | L44: 4 | M44: 3 | N44: 4 | O44: 5 | P44: Yes
A45: EMP1210 | B45: 46 | C45: Female | D45: Married | E45: Sales | F45: Sales Executive | G45: 2022-05-08 | H45: 4 | I45: 4663 | J45: 10 | K45: Yes | L45: 2 | M45: 3 | N45: 3 | O45: 5 | P45: No
A46: EMP1143 | B46: 45 | C46: Female | D46: Married | E46: Research & Development | F46: Laboratory Technician | G46: 2018-11-18 | H46: 7 | I46: 3647 | J46: 4 | K46: No | L46: 4 | M46: 4 | N46: 4 | O46: 3 | P46: No
A47: EMP1387 | B47: 33 | C47: Female | D47: Married | E47: Sales | F47: Sales Executive | G47: 2025-02-12 | H47: 1 | I47: 4565 | J47: 1 | K47: No | L47: 2 | M47: 2 | N47: 3 | O47: 5 | P47: Yes
A48: EMP1257 | B48: 31 | C48: Male | D48: Married | E48: Research & Development | F48: Laboratory Technician | G48: 2023-04-11 | H48: 3 | I48: 3185 | J48: 4 | K48: No | L48: 2 | M48: 3 | N48: 3 | O48: 0 | P48: No
A49: EMP1584 | B49: 20 | C49: Male | D49: Married | E49: Human Resources | F49: HR Manager | G49: 2024-03-15 | H49: 2 | I49: 12135 | J49: 4 | K49: No | L49: 4 | M49: 2 | N49: 4 | O49: 3 | P49: No
A50: EMP1214 | B50: 50 | C50: Female | D50: Married | E50: Research & Development | F50: Research Scientist | G50: 2020-06-26 | H50: 6 | I50: 6065 | J50: 1 | K50: No | L50: 4 | M50: 4 | N50: 3 | O50: 3 | P50: No
A51: EMP1071 | B51: 35 | C51: Male | D51: Single | E51: Research & Development | F51: Manufacturing Engineer | G51: 2024-11-27 | H51: 1 | I51: 5829 | J51: 3 | K51: No | L51: 2 | M51: 3 | N51: 3 | O51: 0 | P51: Yes
A52: EMP1135 | B52: 44 | C52: Male | D52: Single | E52: Sales | F52: Sales Executive | G52: 2025-11-23 | H52: 0 | I52: 6234 | J52: 15 | K52: Yes | L52: 1 | M52: 4 | N52: 3 | O52: 0 | P52: No
A53: EMP1285 | B53: 47 | C53: Male | D53: Married | E53: Research & Development | F53: Research Scientist | G53: 2021-01-23 | H53: 5 | I53: 6610 | J53: 4 | K53: No | L53: 4 | M53: 4 | N53: 4 | O53: 2 | P53: No
A54: EMP1061 | B54: 40 | C54: Male | D54: Single | E54: Research and Development | F54: Laboratory Technician | G54: 2025-12-13 | H54: 0 | I54: 4029 | J54: 1 | K54: No | L54: 1 | M54: 2 | N54: 3 | O54: 5 | P54: Yes
A55: EMP1365 | B55: 20 | C55: Male | D55: Single | E55: Sales | F55: Sales Representative | G55: 2022-10-27 | H55: 3 | I55: 3531 | J55: 1 | K55: No | L55: 4 | M55: 3 | N55: 4 | O55: 5 | P55: No
... A68: EMP1448 | B68: 20 | C68: Male | D68: Married | E68: Sales | F68: Sales Executive | G68: 2025-09-29 | H68: 0 | I68: 4804 | J68: 17 | K68: Yes | L68: 2 | M68: 2 | N68: 3 | O68: 4 | P68: Yes
A69: EMP1053 | B69: 20 | C69: Male | D69: Married | E69: Sales | F69: Sales Representative | G69: 2021-02-06 | H69: 5 | I69: 2638 | J69: 9 | K69: No | L69: 2 | N69: 4 | O69: 1 | P69: No
A70: EMP1294 | B70: 32 | C70: Female | D70: Married | E70: Sales | F70: Sales Representative | G70: 2022-04-21 | H70: 4 | I70: 4472 | J70: 27 | K70: No | L70: 4 | M70: 3 | N70: 3 | O70: 0 | P70: No
A71: EMP1245 | B71: 39 | C71: Female | D71: Single | E71: Research & Development | F71: Laboratory Technician | G71: 2020-03-11 | H71: 6 | I71: 3584 | J71: 3 | K71: No | L71: 4 | M71: 3 | N71: 4 | O71: 5 | P71: No
A72: EMP1051 | B72: 33 | C72: Male | D72: Single | E72: Research & Development | F72: Research Scientist | G72: 2026-03-13 | H72: 0 | I72: 5089 | J72: 1 | K72: No | L72: 4 | M72: 4 | N72: 3 | O72: 4 | P72: No
A73: EMP1554 | B73: 42 | C73: Male | D73: Divorced | E73: Human Resources | F73: Recruiter | G73: 2026-01-11 | H73: 0 | I73: 3682 | J73: 2 | K73: No | L73: 4 | M73: 3 | N73: 3 | O73: 3 | P73: No
A74: EMP1408 | B74: 40 | C74: Female | D74: Single | E74: Research & Development | F74: Manufacturing Engineer | G74: 2009-01-01 | H74: 17 | I74: 7244 | J74: 6 | K74: No | L74: 2 | M74: 4 | N74: 3 | O74: 3 | P74: No
A75: EMP1424 | B75: 28 | C75: Male | D75: Single | E75: Sales | F75: Sales Representative | G75: 2021-12-28 | H75: 4 | I75: 3655 | J75: 1 | K75: Yes | L75: 2 | M75: 4 | N75: 3 | O75: 3 | P75: Yes
A76: EMP1110 | B76: 40 | C76: Female | D76: Married | E76: Sales | F76: Sales Executive | G76: 2016-05-18 | H76: 10 | I76: 7446 | J76: 6 | K76: Yes | L76: 1 | M76: 2 | N76: 3 | O76: 0 | P76: No
A77: EMP1243 | B77: 29 | C77: Female | D77: Married | E77: Research & Development | F77: Laboratory Technician | G77: 2020-02-13 | H77: 6 | I77: 3924 | J77: 30 | K77: Yes | L77: 4 | M77: 3 | N77: 3 | O77: 0 | P77: No
A78: EMP1147 | B78: 25 | C78: Female | D78: Married | E78: Research & Development | F78: Research Scientist | G78: 2023-12-13 | H78: 2 | I78: 5399 | J78: 7 | K78: No | L78: 2 | M78: 1 | N78: 3 | O78: 2 | P78: No
A79: EMP1031 | B79: 23 | C79: Female | D79: Married | E79: Research & Development | F79: Manufacturing Engineer | G79: 2024-10-23 | H79: 1 | I79: 5542 | J79: 1 | K79: No | L79: 4 | N79: 4 | O79: 0 | P79: No
A80: EMP1573 | B80: 33 | C80: Male | D80: Single | E80: Research & Development | F80: R&D Manager | G80: 2025-11-24 | H80: 0 | I80: 12598 | J80: 5 | K80: Yes | L80: 2 | M80: 2 | N80: 3 | O80: 4 | P80: Yes
A81: EMP1173 | B81: 40 | C81: Female | D81: Married | E81: Human Resources | F81: Recruiter | G81: 2022-12-01 | H81: 3 | J81: 13 | K81: No | L81: 1 | M81: 3 | N81: 3 | O81: 4 | P81: No
A82: EMP1590 | B82: 48 | C82: Female | D82: Married | E82: Human Resources | F82: HR Specialist | G82: 2017-11-03 | H82: 8 | I82: 4269 | J82: 6 | K82: No | L82: 4 | M82: 2 | N82: 4 | O82: 3 | P82: No
A83: EMP1023 | B83: 20 | C83: Female | D83: Married | E83: Sales | F83: Sales Representative | G83: 2022-06-04 | H83: 4 | I83: 3896 | J83: 18 | K83: No | L83: 4 | M83: 3 | N83: 3 | O83: 4 | P83: No
A84: EMP1360 | B84: 42 | C84: Male | D84: Divorced | E84: Research & Development | F84: Laboratory Technician | G84: 2024-03-01 | H84: 2 | I84: 3264 | J84: 1 | K84: No | L84: 3 | M84: 3 | N84: 3 | O84: 2 | P84: No
A85: EMP1188 | B85: 40 | C85: Female | D85: Married | E85: Research & Development | F85: R&D Manager | G85: 2024-01-18 | H85: 2 | I85: 9427 | J85: 2 | K85: No | L85: 4 | M85: 3 | N85: 3 | O85: 2 | P85: No
A86: EMP1419 | B86: 37 | C86: Male | D86: Single | E86: Research & Development | F86: Manufacturing Engineer | G86: 2022-04-29 | H86: 4 | I86: 5587 | J86: 22 | K86: Yes | L86: 4 | M86: 2 | N86: 3 | O86: 3 | P86: No
A87: EMP1052 | B87: 20 | C87: Female | D87: Single | E87: Human Resources | F87: Recruiter | G87: 2024-07-08 | H87: 2 | I87: 4120 | J87: 4 | K87: Yes | L87: 3 | M87: 1 | N87: 3 | O87: 3 | P87: No
A88: EMP1180 | B88: 26 | C88: Male | D88: Single | E88: Sales | F88: Sales Manager | G88: 2022-05-30 | H88: 4 | I88: 13165 | J88: 1 | K88: No | L88: 3 | M88: 3 | N88: 4 | O88: 2 | P88: Yes
A89: EMP1320 | B89: 20 | C89: Female | D89: Divorced | E89: Sales | F89: Sales Manager | G89: 2015-12-11 | H89: 10 | I89: 13049 | J89: 1 | K89: Yes | L89: 1 | M89: 3 | N89: 3 | O89: 2 | P89: No
A90: EMP1218 | B90: 44 | C90: Female | D90: Single | E90: Sales | F90: Sales Representative | G90: 2017-11-30 | H90: 8 | I90: 3832 | J90: 3 | K90: No | L90: 3 | M90: 4 | N90: 3 | O90: 3 | P90: No
A91: EMP1564 | B91: 40 | C91: Female | D91: Single | E91: Human Resources | F91: HR Specialist | G91: 2024-01-19 | H91: 2 | I91: 4898 | J91: 9 | K91: No | L91: 1 | M91: 4 | N91: 3 | O91: 5 | P91: No
A92: EMP1099 | B92: 37 | C92: Male | D92: Married | E92: Research & Development | F92: Laboratory Technician | G92: 2021-03-20 | H92: 5 | I92: 3881 | J92: 7 | K92: No | L92: 1 | M92: 2 | N92: 3 | O92: 5 | P92: No
A93: EMP1426 | B93: 50 | C93: Female | D93: Divorced | E93: Sales | F93: Sales Manager | G93: 2023-01-20 | H93: 3 | I93: 11402 | J93: 1 | K93: No | L93: 3 | M93: 3 | N93: 3 | O93: 1 | P93: No
... A110: EMP1423 | B110: 43 | C110: Female | D110: Divorced | E110: Research & Development | F110: Research Scientist | G110: 2015-05-25 | H110: 11 | I110: 5720 | J110: 16 | K110: No | L110: 2 | M110: 1 | N110: 3 | O110: 3 | P110: No
A111: EMP1345 | B111: 34 | C111: Female | D111: Single | E111: Research & Development | F111: R&D Manager | G111: 2026-06-18 | H111: 0 | I111: 13083 | J111: 1 | K111: No | M111: 4 | N111: 3 | O111: 4 | P111: No
A112: EMP1237 | B112: 23 | C112: Female | D112: Married | E112: Human Resources | F112: HR Specialist | G112: 2026-05-16 | H112: 0 | I112: 3670 | J112: 1 | K112: No | L112: 2 | M112: 2 | N112: 4 | O112: 1 | P112: No
A113: EMP1507 | B113: 31 | C113: Male | D113: Divorced | E113: Human Resources | F113: HR Specialist | G113: 2020-11-20 | H113: 5 | I113: 4235 | J113: 6 | K113: No | L113: 3 | M113: 3 | N113: 4 | O113: 3 | P113: No
A114: EMP1383 | B114: 25 | C114: Male | D114: Single | E114: Research & Development | F114: Research Scientist | G114: 2024-11-04 | H114: 1 | I114: 5315 | J114: 19 | K114: No | L114: 3 | M114: 3 | N114: 4 | O114: 2 | P114: No
A115: EMP1412 | B115: 42 | C115: Male | D115: Single | E115: R&D | F115: Manufacturing Engineer | G115: 2023-01-30 | H115: 3 | I115: 7828 | J115: 1 | K115: No | L115: 2 | M115: 3 | N115: 3 | O115: 0 | P115: No
A116: EMP1356 | B116: 43 | C116: Male | D116: Single | E116: Research & Development | F116: Research Scientist | G116: 2023-11-13 | H116: 2 | I116: 4339 | J116: 12 | K116: No | L116: 1 | M116: 3 | N116: 3 | O116: 3 | P116: No
A117: EMP1334 | B117: 27 | C117: Male | D117: Single | E117: Research & Development | F117: Laboratory Technician | G117: 2026-05-16 | H117: 0 | I117: 3014 | J117: 6 | K117: Yes | L117: 3 | M117: 2 | N117: 3 | O117: 4 | P117: Yes
A118: EMP1574 | B118: 31 | C118: Male | D118: Single | E118: Sales | F118: Sales Manager | G118: 2022-10-04 | H118: 3 | I118: 11934 | J118: 15 | K118: No | L118: 4 | M118: 2 | N118: 3 | O118: 2 | P118: No
A119: EMP1047 | B119: 41 | C119: Female | D119: Married | E119: Research & Development | F119: Laboratory Technician | G119: 2023-12-06 | H119: 2 | I119: 2527 | J119: 6 | K119: No | M119: 4 | N119: 3 | O119: 4 | P119: Yes
A120: EMP1249 | B120: 42 | C120: Female | D120: Single | E120: Research & Development | F120: Research Scientist | G120: 2023-07-02 | H120: 3 | J120: 1 | K120: No | L120: 1 | M120: 2 | N120: 3 | O120: 1 | P120: No
A121: EMP1222 | B121: 26 | C121: Male | D121: Married | E121: Human Resources | F121: HR Manager | G121: 2024-09-26 | H121: 1 | I121: 11474 | J121: 13 | K121: Yes | L121: 4 | M121: 3 | N121: 3 | O121: 1 | P121: No
A122: EMP1505 | B122: 29 | C122: Male | D122: Single | E122: Sales | F122: Sales Executive | G122: 2025-10-22 | H122: 0 | I122: 5050 | J122: 13 | K122: Yes | L122: 4 | M122: 3 | N122: 3 | O122: 3 | P122: No
A123: EMP1587 | B123: 38 | C123: Female | D123: Married | E123: Research & Development | F123: R&D Manager | G123: 2025-04-22 | H123: 1 | J123: 1 | K123: No | L123: 4 | M123: 3 | N123: 3 | O123: 1 | P123: No
A124: EMP1321 | B124: 40 | C124: Female | D124: Divorced | E124: Sales | F124: Sales Manager | G124: 2025-12-02 | H124: 0 | I124: 11551 | J124: 1 | K124: Yes | L124: 4 | M124: 2 | N124: 3 | O124: 0 | P124: Yes
A125: EMP1083 | B125: 26 | C125: Female | D125: Divorced | E125: Human Resources | F125: Recruiter | G125: 2020-01-03 | H125: 6 | I125: 5243 | J125: 4 | K125: No | L125: 3 | M125: 3 | N125: 3 | O125: 3 | P125: No
A126: EMP1273 | B126: 46 | C126: Female | D126: Divorced | E126: Sales | F126: Sales Executive | G126: 2026-03-02 | H126: 0 | I126: 5937 | J126: 1 | K126: No | L126: 4 | M126: 2 | N126: 3 | O126: 5 | P126: No
A127: EMP1024 | B127: 32 | C127: Male | D127: Married | E127: Research & Development | F127: R&D Manager | G127: 2023-03-27 | H127: 3 | I127: 12064 | J127: 1 | K127: No | L127: 3 | M127: 2 | N127: 3 | O127: 3 | P127: No
A128: EMP1558 | B128: 33 | C128: Male | D128: Divorced | E128: Sales | F128: Sales Manager | G128: 2023-05-12 | H128: 3 | J128: 4 | K128: No | L128: 3 | M128: 2 | N128: 3 | O128: 3 | P128: No
A129: EMP1506 | B129: 48 | C129: Male | D129: Married | E129: Sales | F129: Sales Representative | G129: 2023-06-15 | H129: 3 | I129: 3669 | J129: 1 | K129: No | L129: 2 | M129: 2 | N129: 3 | O129: 0 | P129: Yes
A130: EMP1329 | B130: 54 | C130: Female | D130: Single | E130: Research & Development | F130: Laboratory Technician | G130: 2026-02-07 | H130: 0 | I130: 3465 | J130: 1 | K130: No | L130: 2 | M130: 4 | N130: 3 | O130: 0 | P130: Yes
A131: EMP1447 | B131: 36 | C131: Male | D131: Married | E131: Research & Development | F131: Manufacturing Engineer | G131: 2023-01-04 | H131: 3 | I131: 5782 | J131: 5 | K131: No | L131: 4 | M131: 2 | N131: 3 | O131: 3 | P131: Yes
A132: EMP1039 | B132: 34 | C132: Female | D132: Married | E132: Research & Development | F132: Research Scientist | G132: 2009-11-07 | H132: 16 | I132: 6445 | J132: 4 | K132: No | L132: 3 | M132: 2 | N132: 3 | O132: 5 | P132: No
A133: EMP1541 | B133: 23 | C133: Male | D133: Single | E133: Research & Development | F133: Research Scientist | G133: 2025-04-23 | H133: 1 | I133: 4669 | J133: 1 | K133: No | L133: 2 | M133: 3 | N133: 3 | O133: 4 | P133: No
A134: EMP1011 | B134: 40 | C134: Male | D134: Single | E134: Research & Development | F134: Laboratory Technician | G134: 2004-10-10 | H134: 21 | I134: 3985 | J134: 5 | K134: No | L134: 1 | M134: 3 | N134: 3 | O134: 2 | P134: No
A135: EMP1459 | B135: 45 | C135: Female | D135: Divorced | E135: Research & Development | F135: Manufacturing Engineer | G135: 2025-10-09 | H135: 0 | I135: 5692 | J135: 6 | K135: No | L135: 4 | M135: 2 | N135: 3 | O135: 3 | P135: No
A136: EMP1033 | B136: 42 | C136: Male | D136: Married | E136: Sales | F136: Sales Executive | G136: 2001-11-30 | H136: 24 | I136: 8652 | J136: 2 | K136: No | L136: 1 | M136: 4 | N136: 4 | O136: 0 | P136: No
A137: EMP1338 | B137: 30 | C137: Male | D137: Married | E137: Research & Development | F137: Laboratory Technician | G137: 2023-07-06 | H137: 3 | I137: 3881 | J137: 10 | K137: No | L137: 2 | M137: 2 | N137: 3 | O137: 1 | P137: No
A138: EMP1319 | B138: 47 | C138: Female | D138: Divorced | E138: Research & Development | F138: Laboratory Technician | G138: 2022-12-30 | H138: 3 | I138: 3202 | J138: 13 | K138: No | L138: 3 | M138: 3 | N138: 4 | O138: 5 | P138: No
A139: EMP1026 | B139: 42 | C139: Male | D139: Divorced | E139: Research & Development | F139: Research Scientist | G139: 2026-06-02 | H139: 0 | I139: 4285 | J139: 8 | K139: Yes | L139: 4 | M139: 1 | N139: 4 | O139: 4 | P139: No
A140: EMP1262 | B140: 32 | C140: Male | D140: Married | E140: Research & Development | F140: Laboratory Technician | G140: 2026-01-26 | H140: 0 | I140: 3034 | J140: 5 | K140: Yes | L140: 4 | M140: 4 | N140: 3 | O140: 4 | P140: No
... A161: EMP1485 | B161: 34 | C161: Female | D161: Divorced | E161: Research & Development | F161: R&D Manager | G161: 2025-06-28 | H161: 1 | I161: 14834 | J161: 2 | K161: Yes | L161: 3 | M161: 3 | N161: 4 | O161: 1 | P161: No
A162: EMP1372 | B162: 42 | C162: Male | D162: Married | E162: Sales | F162: Sales Representative | G162: 2025-05-08 | H162: 1 | I162: 3548 | J162: 8 | K162: No | L162: 3 | N162: 3 | O162: 4 | P162: No
...

Sheet Cleaned Data
A1: EmployeeID | B1: Age | C1: Gender | D1: MaritalStatus | E1: Department | F1: JobRole | G1: HireDate | H1: YearsAtCompany | I1: TenureBand | J1: MonthlyIncome | K1: DistanceFromHome_km | L1: OverTime | M1: JobSatisfaction_1to4 | N1: WorkLifeBalance_1to4 | O1: PerformanceRating_1to4 | P1: TrainingSessionsLastYear | Q1: Attrition
A2: EMP1001 | B2: 20 | C2: Female | D2: Single | E2: Sales | F2: Sales Manager | G2: 2025-11-08 | H2: 0 | I2: 0-2 | J2: 14306 | K2: 10 | L2: No | M2: 3 | N2: 4 | O2: 4 | P2: 3 | Q2: No
A3: EMP1002 | B3: 27 | C3: Male | D3: Divorced | E3: Research & Development | F3: R&D Manager | G3: 2020-02-23 | H3: 6 | I3: 6-10 | J3: 12621 | K3: 15 | L3: No | M3: 4 | N3: 4 | O3: 4 | P3: 3 | Q3: No
A4: EMP1004 | B4: 41 | C4: Female | D4: Married | E4: Research & Development | F4: Laboratory Technician | G4: 2025-09-28 | H4: 0 | I4: 0-2 | J4: 3321 | K4: 1 | L4: Yes | M4: 4 | N4: 4 | O4: 3 | P4: 1 | Q4: No
A5: EMP1005 | B5: 35 | C5: Female | D5: Married | E5: Research & Development | F5: R&D Manager | G5: 2024-02-29 | H5: 2 | I5: 0-2 | J5: 12188 | K5: 1 | L5: No | M5: 4 | N5: 4 | O5: 4 | P5: 2 | Q5: No
A6: EMP1006 | B6: 32 | C6: Female | D6: Married | E6: Sales | F6: Sales Representative | G6: 2022-06-11 | H6: 4 | I6: 3-5 | J6: 3326 | K6: 9 | L6: Yes | M6: 3 | N6: 3 | O6: 3 | P6: 2 | Q6: Yes
A7: EMP1007 | B7: 41 | C7: Female | D7: Married | E7: Sales | F7: Sales Executive | G7: 2025-10-10 | H7: 0 | I7: 0-2 | J7: 7359 | K7: 1 | L7: No | M7: 3 | N7: 4 | O7: 3 | P7: 4 | Q7: Yes
A8: EMP1009 | B8: 46 | C8: Male | D8: Married | E8: Sales | F8: Sales Manager | G8: 2023-04-21 | H8: 3 | I8: 3-5 | J8: 10993 | K8: 9 | L8: Yes | M8: 4 | N8: 3 | O8: 3 | P8: 4 | Q8: No
A9: EMP1010 | B9: 38 | C9: Male | D9: Married | E9: Sales | F9: Sales Executive | G9: 2026-06-27 | H9: 0 | I9: 0-2 | J9: 6979 | K9: 17 | L9: No | M9: 3 | N9: 1 | O9: 3 | P9: 0 | Q9: No
A10: EMP1011 | B10: 29 | C10: Male | D10: Married | E10: Research & Development | F10: R&D Manager | G10: 2022-05-01 | H10: 4 | I10: 3-5 | J10: 12571 | K10: 30 | L10: No | M10: 3 | N10: 3 | O10: 4 | P10: 4 | Q10: No
A11: EMP1012 | B11: 41 | C11: Female | D11: Married | E11: Research & Development | F11: R&D Manager | G11: 2026-03-25 | H11: 0 | I11: 0-2 | J11: 13374 | K11: 13 | L11: Yes | M11: 2 | N11: 1 | O11: 3 | P11: 3 | Q11: Yes
A12: EMP1013 | B12: 22 | C12: Male | D12: Single | E12: Research & Development | F12: R&D Manager | G12: 2018-02-13 | H12: 8 | I12: 6-10 | J12: 14236 | K12: 7 | L12: No | M12: 3 | N12: 1 | O12: 3 | P12: 3 | Q12: No
A13: EMP1014 | B13: 48 | C13: Male | D13: Married | E13: Research & Development | F13: Laboratory Technician | G13: 2025-07-04 | H13: 1 | I13: 0-2 | J13: 2620 | K13: 3 | L13: Yes | M13: 3 | N13: 4 | O13: 3 | P13: 5 | Q13: No
... A562: EMP1600 | B562: 28 | C562: Female | D562: Single | E562: Sales | F562: Sales Executive | G562: 2018-04-09 | H562: 8 | I562: 6-10 | J562: 6988 | K562: 18 | L562: No | M562: 3 | N562: 3 | O562: 3 | P562: 0 | Q562: No

Sheet Attrition Summary
A1: Employee Attrition Analysis — Summary
A2: Overall Attrition Rate | B2: =COUNTIF('Cleaned Data'!$Q$2:$Q$562,"Yes")/COUNTA('Cleaned Data'!$Q$2:$Q$562) -> 0.27629234
A4: Department | B4: Stayed (No) | C4: Left (Yes) | D4: Total | E4: Attrition Rate
A5: Human Resources | B5: =COUNTIFS('Cleaned Data'!$E$2:$E$562,$A5,'Cleaned Data'!$Q$2:$Q$562,"No") -> 35 | C5: =COUNTIFS('Cleaned Data'!$E$2:$E$562,$A5,'Cleaned Data'!$Q$2:$Q$562,"Yes") -> 11 | D5: =B5+C5 -> 46 | E5: =IF(D5=0,0,C5/D5) -> 0.23913043
A6: Research & Development | B6: =COUNTIFS('Cleaned Data'!$E$2:$E$562,$A6,'Cleaned Data'!$Q$2:$Q$562,"No") -> 236 | C6: =COUNTIFS('Cleaned Data'!$E$2:$E$562,$A6,'Cleaned Data'!$Q$2:$Q$562,"Yes") -> 75 | D6: =B6+C6 -> 311 | E6: =IF(D6=0,0,C6/D6) -> 0.24115756
A7: Sales | B7: =COUNTIFS('Cleaned Data'!$E$2:$E$562,$A7,'Cleaned Data'!$Q$2:$Q$562,"No") -> 135 | C7: =COUNTIFS('Cleaned Data'!$E$2:$E$562,$A7,'Cleaned Data'!$Q$2:$Q$562,"Yes") -> 69 | D7: =B7+C7 -> 204 | E7: =IF(D7=0,0,C7/D7) -> 0.33823529
A10: OverTime | B10: Stayed (No) | C10: Left (Yes) | D10: Total | E10: Attrition Rate
A11: Yes | B11: =COUNTIFS('Cleaned Data'!$L$2:$L$562,$A11,'Cleaned Data'!$Q$2:$Q$562,"No") -> 100 | C11: =COUNTIFS('Cleaned Data'!$L$2:$L$562,$A11,'Cleaned Data'!$Q$2:$Q$562,"Yes") -> 79 | D11: =B11+C11 -> 179 | E11: =IF(D11=0,0,C11/D11) -> 0.44134078
A12: No | B12: =COUNTIFS('Cleaned Data'!$L$2:$L$562,$A12,'Cleaned Data'!$Q$2:$Q$562,"No") -> 306 | C12: =COUNTIFS('Cleaned Data'!$L$2:$L$562,$A12,'Cleaned Data'!$Q$2:$Q$562,"Yes") -> 76 | D12: =B12+C12 -> 382 | E12: =IF(D12=0,0,C12/D12) -> 0.19895288
A15: Job Satisfaction | B15: Stayed (No) | C15: Left (Yes) | D15: Total | E15: Attrition Rate
A16: 1 | B16: =COUNTIFS('Cleaned Data'!$M$2:$M$562,$A16,'Cleaned Data'!$Q$2:$Q$562,"No") -> 46 | C16: =COUNTIFS('Cleaned Data'!$M$2:$M$562,$A16,'Cleaned Data'!$Q$2:$Q$562,"Yes") -> 33 | D16: =B16+C16 -> 79 | E16: =IF(D16=0,0,C16/D16) -> 0.41772152
A17: 2 | B17: =COUNTIFS('Cleaned Data'!$M$2:$M$562,$A17,'Cleaned Data'!$Q$2:$Q$562,"No") -> 87 | C17: =COUNTIFS('Cleaned Data'!$M$2:$M$562,$A17,'Cleaned Data'!$Q$2:$Q$562,"Yes") -> 49 | D17: =B17+C17 -> 136 | E17: =IF(D17=0,0,C17/D17) -> 0.36029412
A18: 3 | B18: =COUNTIFS('Cleaned Data'!$M$2:$M$562,$A18,'Cleaned Data'!$Q$2:$Q$562,"No") -> 128 | C18: =COUNTIFS('Cleaned Data'!$M$2:$M$562,$A18,'Cleaned Data'!$Q$2:$Q$562,"Yes") -> 29 | D18: =B18+C18 -> 157 | E18: =IF(D18=0,0,C18/D18) -> 0.18471338
A19: 4 | B19: =COUNTIFS('Cleaned Data'!$M$2:$M$562,$A19,'Cleaned Data'!$Q$2:$Q$562,"No") -> 145 | C19: =COUNTIFS('Cleaned Data'!$M$2:$M$562,$A19,'Cleaned Data'!$Q$2:$Q$562,"Yes") -> 44 | D19: =B19+C19 -> 189 | E19: =IF(D19=0,0,C19/D19) -> 0.23280423
A22: Tenure Band (yrs) | B22: Stayed (No) | C22: Left (Yes) | D22: Total | E22: Attrition Rate
A23: 0-2 | B23: =COUNTIFS('Cleaned Data'!$I$2:$I$562,$A23,'Cleaned Data'!$Q$2:$Q$562,"No") -> 211 | C23: =COUNTIFS('Cleaned Data'!$I$2:$I$562,$A23,'Cleaned Data'!$Q$2:$Q$562,"Yes") -> 95 | D23: =B23+C23 -> 306 | E23: =IF(D23=0,0,C23/D23) -> 0.31045752
A24: 3-5 | B24: =COUNTIFS('Cleaned Data'!$I$2:$I$562,$A24,'Cleaned Data'!$Q$2:$Q$562,"No") -> 97 | C24: =COUNTIFS('Cleaned Data'!$I$2:$I$562,$A24,'Cleaned Data'!$Q$2:$Q$562,"Yes") -> 37 | D24: =B24+C24 -> 134 | E24: =IF(D24=0,0,C24/D24) -> 0.2761194
A25: 6-10 | B25: =COUNTIFS('Cleaned Data'!$I$2:$I$562,$A25,'Cleaned Data'!$Q$2:$Q$562,"No") -> 79 | C25: =COUNTIFS('Cleaned Data'!$I$2:$I$562,$A25,'Cleaned Data'!$Q$2:$Q$562,"Yes") -> 18 | D25: =B25+C25 -> 97 | E25: =IF(D25=0,0,C25/D25) -> 0.18556701
A26: 10+ | B26: =COUNTIFS('Cleaned Data'!$I$2:$I$562,$A26,'Cleaned Data'!$Q$2:$Q$562,"No") -> 19 | C26: =COUNTIFS('Cleaned Data'!$I$2:$I$562,$A26,'Cleaned Data'!$Q$2:$Q$562,"Yes") -> 5 | D26: =B26+C26 -> 24 | E26: =IF(D26=0,0,C26/D26) -> 0.20833333

Sheet Findings & Recommendations
A1: Employee Attrition Analysis — Findings & Recommendations
A3: Business Problem
A4: HR leadership noticed turnover creeping up but didn't know which employees were most at risk of leaving or why. This analysis works through 600 cleaned employee records to identify the real drivers of attrition.
A6: Method
A7: Cleaned a raw HR dataset (standardized inconsistent department names, removed duplicate records, handled missing values, corrected invalid hire dates). Calculated attrition rate - Left ÷ (Left + Stayed) - segmented by Department, Overtime status, Job Satisfaction, and Tenure using COUNTIFS formulas.
A9: Key Findings
A10: 1. Overtime is the single biggest driver of attrition-employees working overtime leave at more than double the rate of those who don't.
A11: 2. Low job satisfaction nearly doubles attrition risk compared to moderately satisfied employees.
A12: 3. Sales has a noticeably higher attrition rate than Human Resources or Research & Development.
A13: 4. New employees (0-2 years tenure) leave at a substantially higher rate than employees with 10+ years at the company.
A15: Recommendations
A16: 1. Audit overtime distribution, starting with Sales, and address workload imbalances driving burnout.
... A18: 3. Build a structured onboarding and check-in process for employees in their first 2 years, since this is the highest-risk tenure window.
